"ID.point","Station","Date","Long","Lat","Elevation","CE","DQO","OD","pH","SST","T.","Turb","NT","PT"
19786,29913,"6/2/2011 ",-73.699425,5.32845,2562.065,126.7,32,5.9,6.39,120,14.6,160,1.4,0.21
19787,27855,"7/2/2011 ",-74.384222222222,4.403833333333,1480,51.1,80,7,6.42,790,18.2,820,3.9,0.94
19794,27828,"7/2/2011 ",-73.013880555556,5.807972222222,2485.906,493,38,4.5,6.95,48,21,35.5,2.3,0.28
19795,27710,"5/2/2011 ",-73.211388888889,2.941666666667,199,144.9,10,6.2,7.78,29,29.5,17,0.5,0.05
19796,27634,"8/2/2011 ",-73.629222222222,4.799055555556,1645,129.3,10,7.1,6.6,4.5,19.7,2,0.5,0.05
19807,27621,"8/2/2011 ",-72.906055555556,5.760055555556,2476.335,928,80,2.7,7.08,49,17.6,32,9.2,1
19812,27904,"9/2/2011 ",-73.491833333333,4.780222222222,1920,97.1,10,7,6.58,50,18.3,45,0.5,0.09
19813,27594,"10/2/2011 ",-72.716666666667,6.383333333333,1050,432,75,8.3,7.98,1470,22.1,1300,3.2,1.8
19815,27596,"10/2/2011 ",-74.500722222222,4.19225,750,17.1,55,7.5,6.26,68,20.1,53,0.7,0.16
19832,27889,"12/2/2011 ",-74.572916666667,5.192111111111,410,356,110,7,8.99,2090,25.5,160,5.7,2.2
19833,29875,"13/2/2011 ",-73.392972222222,4.852833333333,1757,199.9,10,NA,6.59,4.5,20,4,0.5,0.5
19834,27897,"14/2/2011 ",-74.447055555556,5.125305555556,620,276,160,7.7,6.82,4170,21.4,240,9.7,3.1
19835,27841,"14/2/2011 ",-72.9385,5.491944444444,3002,145.7,10,7.6,7.93,4.5,18.4,2,0.5,0.05
19836,27578,"14/2/2011 ",-72.782222222222,6.000277777778,2200,334,54,5.7,7.61,200,18.9,160,3.1,0.71
19837,27727,"15/2/2011 ",-74,4.433333333333,2020,184,10,5.2,7.49,40,19.6,41,0.5,0.16
19838,27411,"13/2/2011 ",-68.441472222222,6.183555555556,67,139.2,10,6.1,6.5,23,27.8,19,0.5,0.06
19839,27701,"14/2/2011 ",-67.479583333333,6.176527777778,55,17.5,10,6.1,6.66,16,30.2,12,1.8,0.05
19840,27916,"15/2/2011 ",-74.4705,5.011305555556,790,344,32,7.1,6.97,290,22.9,250,1.5,0.41
19850,27952,"18/2/2011 ",-72.130111111111,2.889722222222,158,73,17,6.1,7.41,36,20.9,23,0.5,0.09
19851,9167,"23/2/2011 ",-73.775833333333,7.471944444444,78,22.1,28,4,6.36,45,29.5,42,0.71,0.07
19852,9168,"23/2/2011 ",-73.774166666667,7.461666666667,78,23.4,27,4.9,6.39,43,29.7,40,0.62,0.09
19853,9169,"23/2/2011 ",-73.778055555556,7.435555555556,78,28.1,22,4.8,6.77,22,30.7,21,0.52,0.07
19854,9170,"23/2/2011 ",-73.773055555556,7.451944444444,78,28.6,17,4.5,6.59,10,27.2,10,0.5,0.28
19855,9171,"23/2/2011 ",-73.776388888889,7.423611111111,78,27.4,29,4.8,6.5,14,32,13,0.58,0.09
19860,27689,"24/2/2011 ",-75.308527777778,2.942611111111,431.265,137.5,46,6.6,7.55,440,26.3,520,1.1,0.74
19863,27906,"21/2/2011 ",-74.563166666667,8.387416666667,28.929,135,37,7.4,7.47,470,29,490,1.3,0.64
19864,27845,"23/2/2011 ",-74.785583333333,8.030055555556,37.364,87.6,19,7.4,7.33,140,27.9,200,0.55,0.22
19865,27761,"24/2/2011 ",-75.193694444444,7.962138888889,52.55,158.6,21,6,7.93,480,26,480,0.63,0.66
19866,27758,"26/2/2011 ",-73.041111111111,6.989444444444,1000,80.6,10,7.7,8.08,50,23.5,45,0.5,0.12
19880,27627,"28/2/2011 ",-73.668888888889,4.086083333333,432.552,73.8,18.5,7.1,6.36,12.5,27,10.5,0.74,0.14
19881,27642,"28/2/2011 ",-73.677777777778,5.872777777778,1650,197.3,40,7,6.4,22,18.4,41,NA,0.16
19882,8774,"27/2/2011 ",-75.648555555556,2.232361111111,710,89.2,18,7.3,7.78,24,21.3,22,0.5,0.11
19883,27831,"1/3/2011 ",-75.892361111111,9.290333333333,3.89,183,14,6.2,7.2,47,29.9,56,0.5,0.08
19884,27961,"1/3/2011 ",-76.349972222222,3.889611111111,941.929,120.2,23,4.6,6.99,180,23,310,0.85,0.49
19890,27719,"1/3/2011 ",-75.819361111111,6.417416666667,534,142,33,7,7.97,910,23.8,570,0.73,1
19893,27633,"1/3/2011 ",-75.775361111111,2.02625,893,78.8,15,7.9,8.15,5,22.6,10,0.5,0.06
19894,27785,"2/3/2011 ",-76.662166666667,5.69,27,28.3,21,7.3,6.21,140,24.7,110,0.5,0.14
19895,27966,"3/3/2011 ",-75.892416666667,8.751611111111,14.6,123,10,6,7.65,180,28.8,220,0.5,0.13
19899,27789,"26/2/2011 ",-73.820805555556,8.666333333333,35.385,156.6,15,6.4,7.17,330,30,310,0.5,0.44
19900,27690,"3/3/2011 ",-73.7875,7.244166666667,90,126.7,54,7.2,6.12,1550,26.2,1290,1.7,1.2
19901,29878,"3/3/2011 ",-75.633027777778,4.773888888889,1550,84.7,10,8.2,7.31,15,17.3,7.9,0.5,0.05
19902,27731,"4/3/2011 ",-74.876833333333,3.328138888889,730,68.2,130,8.8,7.64,2070,20.6,2820,3.5,1.9
19919,27809,"7/3/2011 ",-75.1155,3.361138888889,420,80.1,77,8.3,7.45,890,22.6,990,2.1,1
19920,27911,"8/3/2011 ",-76.033333333333,4.516666666667,907,149.7,10,5.4,6.78,310,23.8,280,0.5,0.3
19921,27564,"5/3/2011 ",-73.958805555556,9.930972222222,80,207,23,5.4,6.44,150,27.5,120,0.56,0.46
19922,27873,"8/3/2011 ",-75.619222222222,1.621166666667,270,30.6,10,7.7,7.28,5,24.6,5.4,0.5,0.05
19923,27794,"8/3/2011 ",-75.91525,5.856027777778,678,37.2,140,7.1,7.19,440,21.6,300,2.7,0.51
19924,27548,"8/3/2011 ",-74.838166666667,4.387861111111,251.79,126.9,55,6.5,6.94,1010,26.1,690,0.8,1.2
19944,27935,"8/3/2011 ",-73.096666666667,6.734166666667,480,240,51,7.5,8.07,1470,25.1,1430,1.6,1.9
19945,27877,"9/3/2011 ",-74.185916666667,10.529472222222,55,48.1,10,7.3,6.39,69,28.3,32,0.5,0.15
19946,27631,"10/3/2011 ",-74.192111111111,10.585805555556,37,48.5,10,6.3,7.12,9,28.8,4.35,0.5,0.05
19947,27732,"10/3/2011 ",-75.899388888889,4.757555555556,914,151.5,320,7.8,7.37,3750,19.4,4330,9.3,5.9
19948,8763,"10/3/2011 ",-76.451944444444,3.646388888889,980,97.3,66,5.2,7.08,1220,20.2,750,2.1,1.4
19949,27868,"6/3/2011 ",-68.362777777778,4.866111111111,80,16.6,10,6.9,7.15,4.5,28.4,7.3,0.5,0.05
19950,27708,"7/3/2011 ",-67.834166666667,4.956861111111,79,21.5,13,6.7,6.71,7.6,29.5,8.8,0.5,0.05
19951,27702,"7/3/2011 ",-67.919055555556,3.874416666667,100,11.1,24,6.3,6.34,8.7,28.8,14,0.5,0.05
19955,27836,"9/3/2011 ",-76.949472222222,1.116138888889,2087,85.5,10,7.4,6.72,4.5,15.7,5.6,0.5,0.05
19956,27423,"11/3/2011 ",-75.118944444444,3.44325,340.273,136.1,27,6.9,7.5,200,24.3,250,0.5,0.47
19957,27958,"11/3/2011 ",-75.239,8.313722222222,27.015,118.5,260,5.7,7.16,39,29.2,47,0.5,0.09
19958,27815,"11/3/2011 ",-73.128055555556,6.546666666667,1113,67,10,7.2,6.72,41,21.7,27,0.5,0.05
19959,27722,"12/3/2011 ",-74.086305555556,10.755777777778,60,67.3,10,6,7.65,4.5,29.7,2,0.5,0.05
19960,27799,"13/3/2011 ",-74.154111111111,10.905416666667,30,72.2,10,6.1,7.25,4.5,27.1,2,0.5,0.07
19961,27899,"13/3/2011 ",-74.146333333333,10.635916666667,60,58.3,10,8,7.38,8.3,30.2,4.1,0.5,0.07
19962,27892,"14/3/2011 ",-75.149666666667,2.921111111111,650,140.7,10,8,7.84,27,22.3,20,0.5,0.09
20014,29876,"14/3/2011 ",-75.417333333333,7.987972222222,39.97,109.3,270,6.5,7.42,220,27.6,270,0.5,0.3
20015,27846,"16/3/2011 ",-75.396583333333,2.755555555556,460,144,10,4.9,6.9,24,25.4,72,0.5,0.13
20016,27808,"13/3/2011 ",-73.7325,9.193194444444,28.32,225,25,7.2,6.44,28,31.6,44,0.5,0.25
20017,8803,"15/3/2011 ",-75.37125,2.566722222222,740,145.1,10,6.6,8.18,96,24,34,0.5,0.3
20018,27609,"16/3/2011 ",-73.646388888889,9.648527777778,45,435,17,5.2,6.6,110,29.1,100,1.2,0.45
20019,27908,"17/3/2011 ",-75.544305555556,2.643805555556,575,144.2,10,7.1,7.24,17,24,31,0.5,0.11
20020,27711,"17/3/2011 ",-74.661916666667,5.469222222222,172.17,194,22,5.8,7.2,360,27.2,240,0.96,1.1
20021,8575,"17/3/2011 ",-74.651305555556,5.740916666667,147,408,88,6.7,8.03,1910,27.5,1030,4.8,3.5
20022,27748,"16/3/2011 ",-68.354166666667,3.986111111111,94,63.5,10,6.5,7.13,24,29.4,26,0.5,0.08
20023,8573,"18/3/2011 ",-74.586111111111,6.206944444444,120,49.1,10,7,7.48,35,26.8,25,0.5,0.14
20024,8566,"18/3/2011 ",-74.664972222222,5.772194444444,143,37,66,7.1,7.22,1390,23.5,540,2.2,1.2
20025,19680,"18/3/2011 ",-75.269194444444,3.176777777778,400,120.6,74,6.7,7.36,1300,25.2,630,2.5,1.2
20026,8542,"18/3/2011 ",-75.332944444444,2.766694444444,469,160.1,10,7.1,7.38,210,23.1,80,0.5,0.55
20027,19678,"19/3/2011 ",-75.12075,3.433611111111,382,156.9,10,7,7.85,24,26.2,35,0.5,0.07
20028,27423,"19/3/2011 ",-75.118944444444,3.44325,340.273,142.3,18,6.7,7.59,250,26.7,200,0.5,0.3
20029,19681,"20/3/2011 ",-76.145972222222,1.870472222222,1217,103.9,10,6.9,7.85,12,22.9,12,0.5,0.16
20035,8891,"18/3/2011 ",-77.292944444444,1.234333333333,2500,353,130,3.5,6.2,69,15.8,57,22,2.1
20036,27668,"18/3/2011 ",-77.247777777778,1.201388888889,2740,81,10,6.9,8.1,15,18.7,9.45,0.5,0.05
20037,8860,"22/3/2011 ",-74.368888888889,6.635833333333,98,50.5,55,7,7.33,640,24.8,450,1.7,0.6
20038,19682,"22/3/2011 ",-74.103333333333,6.778055555556,81,251,96,6,7.85,2050,26.4,1060,5,2.8
20039,8576,"22/3/2011 ",-73.889194444444,6.994138888889,73,198,87,5.4,7.79,1940,26.5,1290,3.8,2.6
20040,19677,"21/3/2011 ",-75.669888888889,2.1735,761,82.8,71,7,7.66,630,22.1,470,2.9,0.95
20041,8774,"21/3/2011 ",-75.648555555556,2.232361111111,710,91.2,83,7.2,7.77,910,21.3,440,2.7,1.5
20042,19676,"22/3/2011 ",-75.570361111111,2.461722222222,611,111.2,52,7.4,7.58,750,21.3,420,1.4,1.2
20044,19674,"23/3/2011 ",-74.891055555556,3.994555555556,298,119.3,120,7.3,7.9,4110,28.4,2240,4,3.6
20045,27856,"19/3/2011 ",-77.147194444444,1.135222222222,2795,43.5,10,7,6.6,4.5,17.3,2,0.5,0.05
20046,27940,"19/3/2011 ",-77.157222222222,0.989722222222,2850,48.1,13,7.2,7.05,4.5,17.4,2,0.5,0.05
20048,27586,"21/3/2011 ",-77.985138888889,1.206083333333,1259,69.1,12,7.4,7.64,34,15,26,0.5,0.05
20049,8586,"23/3/2011 ",-73.915833333333,7.211111111111,68,117.9,110,6.8,8.15,2900,23.5,2840,3.9,2.3
20050,8559,"23/3/2011 ",-73.923888888889,7.4675,70,158.1,28,6,7.53,240,28.1,230,0.63,0.4
20051,27859,"24/3/2011 ",-73.801916666667,7.784,58.001,193.9,150,5.6,7.93,2170,26.9,1570,6.3,2.9
20052,19675,"24/3/2011 ",-74.93625,3.804638888889,308,57.2,22,4.8,6.63,32,25.4,97,0.5,0.19
20053,27737,"24/3/2011 ",-74.935733333333,3.84945,291.249,113,42,6.6,7.45,1050,26.5,520,1.4,1.2
20054,27589,"24/3/2011 ",-73.675472222222,2.974222222222,318,67.5,21,6.1,7.32,83,24,65,0.62,0.21
20058,27789,"25/3/2011 ",-73.820805555556,8.666333333333,35.385,186.1,84,5.2,7.83,1840,27.8,1470,3.3,1.6
20059,8876,"25/3/2011 ",-74.744444444444,4.248055555556,345,42.1,70,6.2,6.91,1690,24.8,930,1.6,1.7
20060,27717,"25/3/2011 ",-74.833333333333,4.3,425,484,110,3.2,7.34,760,23.6,460,11,2.5
20061,27548,"26/3/2011 ",-74.838166666667,4.387861111111,251.79,146,57,6.7,7.71,1090,25.4,520,1.5,1.2
20062,19673,"26/3/2011 ",-74.894027777778,4.288527777778,288,177.4,65,6.9,7.99,1750,25.4,700,1.4,2.4
20063,8584,"26/3/2011 ",-74.735277777778,9.150833333333,7,163.7,16,5.8,7.53,23,31.1,42,0.5,0.06
20064,27858,"26/3/2011 ",-74.605638888889,9.016527777778,19.949,175.4,33,5.6,7.54,730,28.8,520,1.4,0.78
20065,27583,"27/3/2011 ",-74.880555555556,4.537333333333,350,267,33,6.8,8.11,110,26.3,96,1.3,0.36
20066,27872,"27/3/2011 ",-74.815388888889,9.493583333333,14,186.2,13,5.9,7.63,480,29.8,400,0.88,0.65
20070,27926,"24/3/2011 ",-75.88275,4.892333333333,900.442,155,18,4.8,7.41,300,23.7,360,0.5,0.32
20072,27769,"25/3/2011 ",-73.065277777778,10.827222222222,275,62.9,10,6.2,7.11,4.5,22.4,20,0.5,0.05
20073,27574,"28/3/2011 ",-75.567361111111,2.463444444444,662.477,110.7,120,8.1,7.63,150,21.7,120,0.5,0.34
20074,27556,"28/3/2011 ",-75.761555555556,2.45925,788.06,125.1,10,7.8,7.76,62.5,20.4,53.5,0.5,0.12
20075,19672,"27/3/2011 ",-74.818027777778,4.612027777778,269,165.2,10,6.5,7.74,64,28.5,38,0.5,0.17
20076,27686,"28/3/2011 ",-74.911694444444,10.253861111111,8.006,185.4,23,5.5,7.52,820,29.7,600,1.2,0.7
20077,19671,"29/3/2011 ",-74.772555555556,4.773416666667,243,138.6,10,6.9,7.46,150,26,74,0.5,0.13
20078,29866,"29/3/2011 ",-74.709111111111,5.200722222222,203.481,159.8,23,5.9,7.48,568,28.3,320,1.1,0.71
20079,29877,"29/3/2011 ",-74.816666666667,11.033333333333,1,189.1,18,5.8,7.56,690,29.4,510,0.99,1.3
20080,27937,"29/3/2011 ",-76.644333333333,2.467555555556,1626,141.6,30,7.7,6.8,160,19.8,62,1.4,0.36
20081,27861,"29/3/2011 ",-74.574558333333,9.320252777778,17.995,209,46,5.8,7.62,1160,28.8,85,1.9,1.6
20082,27872,"29/3/2011 ",-74.815388888889,9.493583333333,14,199.6,17,6.2,7.63,610,29.1,540,0.9,0.67
20083,27810,"30/3/2011 ",-74.767527777778,9.039166666667,17,178,46,6.5,7.4,44,32.3,44,1.6,0.28
20084,27625,"30/3/2011 ",-73.7625,4.070194444444,575,144.2,10,6.9,7.71,160,22.8,180,0.5,0.25
20085,19670,"30/3/2011 ",-74.73875,5.287944444444,214,82.5,10,7.6,7.61,140,26.4,53,0.5,0.17
20086,19669,"30/3/2011 ",-74.735722222222,5.205416666667,221,115.9,10,7.2,7.19,180,27.9,67,0.5,0.21
20087,27661,"30/3/2011 ",-73.969444444444,8.992527777778,29.49,186.6,46,6.5,7.62,1150,28.8,840,2.1,1.5
20088,8742,"2/4/2011 ",-74.738694444444,9.254027777778,18.186,197,14,6.1,7.58,670,29,440,0.87,1.2
20089,27640,"1/4/2011 ",-72.936383333333,4.103019444444,177.417,99.2,10,6.1,6.91,400,30.4,370,0.5,0.27
20099,27920,"3/4/2011 ",-75.665861111111,5.268111111111,745,151.2,10,6.6,6.39,210,26,230,0.5,0.35
20100,27796,"4/4/2011 ",-75.671611111111,5.126527777778,838,209,10,7.3,6.82,220,23.5,190,0.85,0.44
20101,27587,"5/4/2011 ",-75.598722222222,5.73275,584.846,164.3,10,6.6,7.88,420,24.2,340,0.61,0.54
20102,27787,"5/4/2011 ",-75.54125,5.712388888889,580,115.8,16,4.6,7.82,510,20.4,430,0.86,0.76
20103,27549,"4/4/2011 ",-70.036083333333,-4.120194444444,119,181,12,5.3,6.31,NA,28.3,150,1.1,0.34
20104,27943,"5/4/2011 ",-69.992722222222,-4.222527777778,120,164.8,10,5.4,6.83,250,26.7,210,0.66,0.39
20108,8568,"7/4/2011 ",-75.934166666667,4.803444444444,898,120.7,46,7,7.65,1900,25,950,3.9,1.7
20114,27694,"5/4/2011 ",-72.412697222222,5.367547222222,374.65,135.8,10,8.3,7.69,9,24.7,6.3,0.64,0.07
20123,27688,"7/4/2011 ",-73.236055555556,10.386166666667,113,353,48,5.4,7.44,64,25,64,7.3,1.4
20124,27950,"4/4/2011 ",-72.291388888889,4.817,290,114.3,29,7.2,7.43,28,29.1,28,0.5,0.05
20125,8582,"8/4/2011 ",-75.874166666667,4.892611111111,897,77.1,89,5.3,7.04,1760,22.5,1250,4.5,1.8
20126,8577,"8/4/2011 ",-75.813333333333,4.905277777778,905,119,12,7.4,7.89,210,22.9,160,1.5,0.35
20128,27832,"4/4/2011 ",-72.605472222222,7.687972222222,730,154.9,10,7.2,7.39,24,20,16,0.5,0.17
20129,8875,"6/4/2011 ",-72.650833333333,7.836388888889,270,116.5,10,6.8,7.73,14,20.2,12,0.5,0.05
20130,27704,"7/4/2011 ",-72.434722222222,8.350277777778,47,185.8,10,5.4,7.3,110,20.4,130,1,0.4
20131,27416,"8/4/2011 ",-72.417222222222,8.233611111111,70,394,10,5.5,7.46,76,20.8,54,0.74,0.21
20132,27862,"8/4/2011 ",-75.398611111111,10.063888888889,3,187,78,6.2,6.97,320,30,320,0.55,0.38
20137,27963,"7/4/2011 ",-70.239111111111,1.259555555556,180,9,10,5.5,4.86,5.5,26.1,9.9,0.5,0.05
20138,8787,"11/4/2011 ",-73.595555555556,5.218611111111,2684,60.7,25,6.3,6.64,16,16.2,17,0.5,0.13
20139,8877,"11/4/2011 ",-73.613888888889,5.194722222222,2632,192,26,5.8,6.73,27,14.4,23,3,0.28
20140,8802,"11/4/2011 ",-73.916138888889,4.971916666667,2481,75.1,10,4.6,6.52,33,17.8,27,0.64,0.21
20141,8540,"11/4/2011 ",-74.083333333333,4.8,2571,311,10,2.3,6.34,55,17.6,76,3.3,0.5
20143,27908,"8/4/2011 ",-75.544305555556,2.643805555556,575,105.1,10,7.9,6.57,54,27,70,0.57,0.25
20144,8718,"9/4/2011 ",-74.95,10.3,7,170.4,10,5.6,6.87,680,30.5,490,1.2,1.1
20145,27686,"10/4/2011 ",-74.911694444444,10.253861111111,8.006,183,32,5.4,7.34,655,29,480,1.3,1.05
20146,8549,"10/4/2011 ",-75.580277777778,5.461666666667,650,1076,460,8.4,7.53,6870,21.7,4510,4.5,4.8
20147,8585,"10/4/2011 ",-75.859166666667,5.932777777778,558,63.2,10,5.8,7.7,950,21.5,620,1.5,0.18
20148,8552,"11/4/2011 ",-75.5975,5.7375,612,85.7,11,5.3,7.94,1010,21.2,610,1.1,0.93
20158,27786,"9/4/2011 ",-73.246111111111,8.541111111111,360,87.4,57,7.8,6.84,1340,24.1,810,2.3,1
20159,27681,"10/4/2011 ",-73.31825,8.197805555556,1220,73.9,10,7.9,7.7,38,20.5,34,0.5,0.08
20161,8590,"12/4/2011 ",-75.821111111111,6.518333333333,480,166.4,140,6.2,8.24,8190,20,8260,7.1,5.8
20162,8558,"9/4/2011 ",-75.678611111111,5.1375,822,177,70,4.5,7.98,1990,22,960,2.8,1.9
20163,27613,"11/4/2011 ",-76.481805555556,2.189305555556,2900,19.2,40,6.8,6.36,5.5,11.9,2.7,0.5,0.05
20164,8393,"12/4/2011 ",-76.7075,2.757361111111,1151,53.7,39,8.1,7.29,530,18.7,380,1.1,0.48
20168,8583,"13/4/2011 ",-75.673611111111,7.057777777778,400,66.8,53,5.4,7.74,1360,21.3,840,1.2,2.5
20169,27601,"14/4/2011 ",-73.635361111111,4.235333333333,523,93.1,10,7.9,7.18,150,20.8,110,0.5,0.18
20170,19668,"13/4/2011 ",-76.623972222222,3.117555555556,1034,64.8,25,8,7.2,620,18.3,530,0.89,0.51
20171,27658,"13/4/2011 ",-76.599083333333,3.091694444444,986.677,60.2,18,7.4,7.12,580,21.6,450,0.6,0.4
20172,27672,"13/4/2011 ",-76.5,3.2,964,60.5,32,6.8,6.94,550,21.4,450,0.81,0.41
20173,8545,"14/4/2011 ",-76.472555555556,3.377722222222,990,169,10,4.6,7.27,18,24.9,34,0.86,0.11
20174,27936,"14/4/2011 ",-76.475383333333,3.451608333333,950.378,97.5,58,6.3,7.03,1090,22.6,670,1.8,1.1
20175,8565,"15/4/2011 ",-76.340166666667,3.902,969,103,37,7.6,7.92,750,19.8,480,0.75,0.41
20176,8589,"14/4/2011 ",-75.364611111111,7.581277777778,93,85.4,10,6.3,7.61,550,25.5,390,0.5,0.64
20177,8767,"14/4/2011 ",-74.266666666667,4.55,2538,412,110,0,6.82,360,19.8,270,11,1.8
20178,8789,"14/4/2011 ",-74.439444444444,4.602111111111,712,490,150,6,7.94,1050,21.9,700,15,3.3
20179,27597,"14/4/2011 ",-74.608527777778,4.454861111111,361,471,120,6.4,7.72,1340,23.8,1060,14,3.4
20180,8714,"15/4/2011 ",-74.776944444444,4.281944444444,359,122.1,37,5.9,7.29,470,25,520,1.5,0.77
20181,27882,"15/4/2011 ",-74.816666666667,4.283333333333,257,149.2,45,6.2,7.32,920,24.5,730,2.3,1.7
20182,27717,"16/4/2011 ",-74.833333333333,4.3,425,676,200,4,7.17,3320,27.4,3220,16,1.6
20183,8876,"16/4/2011 ",-74.744444444444,4.248055555556,345,52.6,34,7.8,7.14,470,22.4,400,1.3,0.8
20184,8739,"16/4/2011 ",-74.620555555556,4.232555555556,405,46.4,26,7.3,7.31,170,21.8,220,0.74,0.45
20185,8592,"16/4/2011 ",-76.2755,4.118583333333,924,80.9,32,7.7,7.32,1060,21.2,780,1.1,0.55
20186,8591,"16/4/2011 ",-76.245805555556,4.150277777778,955,192,60,7.7,7.73,2560,19.1,1820,2.5,1.5
20187,8570,"15/4/2011 ",-75.209166666667,7.956944444444,61,92.1,11,2.8,6.24,55,27.8,87,0.5,0.13
20188,8808,"14/4/2011 ",-77.478916666667,1.624055555556,391,155,21,6.8,6.63,3610,26.4,1400,2.6,2.7
20189,8799,"13/4/2011 ",-77.429361111111,1.594277777778,450,117.2,110,7.1,6.49,2710,24.9,2880,4.3,4.6
20190,27645,"13/4/2011 ",-75.379972222222,6.143388888889,2083,12.59,10,5.2,6.84,33,18.5,38,0.5,0.08
20213,8574,"16/4/2011 ",-74.764722222222,8.097638888889,37,50,15,6,6.84,360,26.4,320,0.52,0.33
20214,8553,"17/4/2011 ",-76.172333333333,4.304777777778,951,143,33,7.9,7.69,1220,18.2,870,0.98,0.62
20216,8551,"18/4/2011 ",-76.423138888889,3.683194444444,957,226,41,7.8,7.67,810,19.2,370,0.59,0.96
20217,27412,"17/4/2011 ",-74.553694444444,8.560138888889,24.313,99.7,25,6,7.33,510,28.2,630,0.84,1.3
20218,8555,"18/4/2011 ",-74.469444444444,8.8725,17,98.1,23,5.1,7.31,630,27.8,550,0.69,0.42
20219,19667,"19/4/2011 ",-76.456722222222,3.596805555556,1035,277,110,5.3,7.36,1620,20.8,1140,3.5,1.5
20220,8554,"19/4/2011 ",-76.493583333333,3.505333333333,970,117,15,7.4,7.43,58,18.1,46,0.5,0.15
20230,27731,"28/4/2011 ",-74.876833333333,3.328138888889,730,91.3,21,6.5,7.47,130,24.1,130,0.5,0.19
20232,27892,"29/4/2011 ",-75.149666666667,2.921111111111,650,133.7,10,6.8,8.03,61,21.5,57,0.5,0.1
20234,27573,"28/4/2011 ",-75.104611111111,3.910055555556,316,87.1,170,7.1,6.97,6550,27.4,5200,4.6,4.7
20235,27423,"30/4/2011 ",-75.118944444444,3.44325,340.273,126.9,77,7.1,7.59,1660,25.2,1240,1.4,1.3
20236,27689,"30/4/2011 ",-75.308527777778,2.942611111111,431.265,104.3,91,6.4,7.33,520,23.3,1170,0.85,0.38
20237,27965,"2/5/2011 ",-73.57025,5.878138888889,1720,367,230,5.7,7.86,5400,18.4,5870,8.8,5.8
20254,27809,"4/5/2011 ",-75.1155,3.361138888889,420,84.9,44,8,7.92,750,20.6,730,0.5,1.3
20255,27682,"2/5/2011 ",-73.292527777778,4.396222222222,275,65.6,15,6.5,7.53,260,26.4,330,0.5,0.23
20256,27674,"4/5/2011 ",-74.060777777778,5.6495,457,485,57,5.6,7.96,1040,25.8,740,2.7,1.6
20257,9170,"4/5/2011 ",-73.773055555556,7.451944444444,78,25.8,25,4.3,6.14,4.5,32.7,4.4,0.5,0.05
20258,9169,"4/5/2011 ",-73.778055555556,7.435555555556,78,27.1,26,4.7,6.95,4.5,29,3.9,0.5,0.05
20259,9167,"4/5/2011 ",-73.775833333333,7.471944444444,78,37.2,21,4.5,6.7,4.5,29.7,5.9,0.5,0.08
20260,9171,"4/5/2011 ",-73.776388888889,7.423611111111,78,21.7,28,4,6.9,4.5,31.9,4.3,0.5,0.08
20261,27783,"4/5/2011 ",-73.4,7.4,100,28.5,18,4.3,6.9,4.5,30.2,4.4,0.5,0.05
20262,27594,"2/5/2011 ",-72.716666666667,6.383333333333,1050,278,460,NA,8.93,12300,27.4,9780,12,12
20283,27578,"6/5/2011 ",-72.782222222222,6.000277777778,2200,194,40,NA,7.1,200,21.7,250,0.63,0.51
20284,27672,"8/5/2011 ",-76.5,3.2,964,69.6,10,6.7,5.89,120,22.8,94,0.5,0.15
20285,27936,"8/5/2011 ",-76.475383333333,3.451608333333,950.378,100.4,24.5,6.8,6.39,325,23,160,0.5,0.35
20286,27584,"11/5/2011 ",-73.266666666667,5.666666666667,2500,279,43,3.8,6.8,60,18.2,73,4.3,0.54
20287,27642,"12/5/2011 ",-73.677777777778,5.872777777778,1650,157.4,80,6.8,6.34,630,19.5,400,1.5,0.85
20289,27836,"12/5/2011 ",-76.949472222222,1.116138888889,2087,76,10,7,6.57,8,17.2,8.2,0.5,0.07
20326,27815,"16/5/2011 ",-73.128055555556,6.546666666667,1113,68.4,10,7.1,6.44,280,22.1,180,0.5,0.21
20342,27868,"15/5/2011 ",-68.362777777778,4.866111111111,80,17.34,15,5.7,6.9,43,27.8,45,0.5,0.08
20343,27708,"15/5/2011 ",-67.834166666667,4.956861111111,79,18.2,26,5.9,6.8,83,27.6,58,0.5,0.08
20344,27702,"16/5/2011 ",-67.919055555556,3.874416666667,100,19.88,35,5.1,4.63,7.5,27,15,0.5,0.05
20345,27935,"17/5/2011 ",-73.096666666667,6.734166666667,480,289,12,NA,7.44,15400,23.1,2200,17.3,19
20347,27586,"17/5/2011 ",-77.985138888889,1.206083333333,1259,84.4,14,7.5,7.1,11,21.3,7.7,0.5,0.05
20349,27690,"25/5/2011 ",-73.7875,7.244166666667,90,174.5,40,NA,6.52,910,25.2,720,0.5,0.91
20350,27789,"25/5/2011 ",-73.820805555556,8.666333333333,35.385,194,30,NA,7.74,600,28.3,650,0.5,0.57
20351,27952,"25/5/2011 ",-72.130111111111,2.889722222222,158,38.4,24,4.3,6.94,200,28.2,130,0.5,0.21
20352,27710,"26/5/2011 ",-73.211388888889,2.941666666667,199,68.4,22,5.6,6.94,210,27.3,110,0.5,0.25
20355,27574,"26/5/2011 ",-75.567361111111,2.463444444444,662.477,1122,44,8.1,7.7,830,22,410,2.1,0.96
20356,27556,"27/5/2011 ",-75.761555555556,2.45925,788.06,98.3,84.5,5.8,7,2197,19.5,930,2.05,1.4
20357,27863,"27/5/2011 ",-77.116666666667,1.15,2527,44.7,15,6.8,8.13,4.5,17.4,2,0.5,0.05
20358,27748,"27/5/2011 ",-68.354166666667,3.986111111111,94,20.27,22,5.6,6.66,180,27.2,170,0.5,0.23
20363,27630,"27/5/2011 ",-74.1,6.7,90,221,47,NA,7.51,1520,26.3,1120,2.2,1.7
20364,27616,"29/5/2011 ",-74.749527777778,5.292638888889,168,77,10,NA,7.63,450,24.4,220,0.5,0.33
20365,27842,"30/5/2011 ",-74.853333333333,4.891,252,114.1,19,NA,7.18,180,25.8,90,0.5,0.2
20366,27711,"30/5/2011 ",-74.661916666667,5.469222222222,172.17,150.7,36,NA,7.49,510,26.7,460,0.96,0.64
20367,27968,"27/5/2011 ",-75.286055555556,4.482055555556,1450,257,10,7.5,8.43,48,18.9,29,0.5,0.1
20368,27929,"30/5/2011 ",-75.239083333333,4.436166666667,1220,213,24,7.9,8.08,1020,21.8,990,0.5,0.94
20369,27577,"31/5/2011 ",-75.090611111111,4.301133333333,560,195.5,50,8.2,8.25,985,20.2,725,0.72,0.78
20370,27553,"27/5/2011 ",-74.971944444444,4.795083333333,470,88.1,10,NA,7.42,210,24.5,130,0.5,0.26
20374,8891,"30/5/2011 ",-77.292944444444,1.234333333333,2500,151.4,120,6.1,6.86,130,14.6,89,9.2,1.1
20375,27627,"30/5/2011 ",-73.668888888889,4.086083333333,432.552,56,10,6.6,6.05,29.5,25.1,37,0.5,0.13
20376,27668,"31/5/2011 ",-77.247777777778,1.201388888889,2740,45.1,29.5,6.9,6.95,25,16.1,25,0.5,0.11
20381,27641,"3/6/2011 ",-74.741111111111,5.203888888889,194,65.2,390,6.9,7.8,4610,24.8,2390,12,0.8
20382,27940,"1/6/2011 ",-77.157222222222,0.989722222222,2850,46.6,10,6,7.17,4.5,17.9,2,0.5,0.28
20383,27600,"2/6/2011 ",-77.300555555556,1.431944444444,1250,154.2,10,6.7,6.31,46,21.7,30,0.5,0.26
20395,27950,"3/6/2011 ",-72.291388888889,4.817,290,57.3,59,NA,6.82,1130,25.3,670,0.96,0.19
20396,27694,"4/6/2011 ",-72.412697222222,5.367547222222,374.65,79.9,10,8.8,7.96,110,22.6,100,0.5,0.19
20406,27724,"7/6/2011 ",-74.6775,6.279444444444,127,34.7,10,NA,7.47,21,24,23,0.5,0.07
20407,27821,"1/6/2011 ",-74.725555555556,5.730833333333,160,57.5,12,NA,7.09,90,29.1,88,0.5,0.08
20408,27705,"3/6/2011 ",-74.631555555556,5.760527777778,154,581,27,NA,7.16,450,25.5,390,0.78,0.09
20409,27758,"5/6/2011 ",-73.041111111111,6.989444444444,1000,89.8,87,9.2,8.29,750,17.7,780,1.2,0.05
20410,27684,"8/6/2011 ",-73.146444444444,7.166333333333,600,163.6,21.5,8.6,7.92,330,22.8,300,1.6,0.74
20411,27908,"6/6/2011 ",-75.544305555556,2.643805555556,575,119.1,11,6.7,7.3,160,24.7,180,0.5,0.29
20416,27634,"11/6/2011 ",-73.629222222222,4.799055555556,1645,50.1,11,7.5,6.51,59,18.5,53,0.5,0.16
20419,27904,"12/6/2011 ",-73.491833333333,4.780222222222,1920,61.3,10,7.9,6.02,140,16.9,140,0.5,0.15
20420,27787,"10/6/2011 ",-75.54125,5.712388888889,580,145.3,10,NA,8.16,45,25.4,47,0.5,0.38
20421,27587,"11/6/2011 ",-75.598722222222,5.73275,584.846,166.4,12,8,7.88,120,24.7,270,0.5,0.39
20422,29878,"13/6/2011 ",-75.633027777778,4.773888888889,1550,137.7,10,7.9,6.35,4.5,21.8,3,0.5,0.05
20438,29875,"13/6/2011 ",-73.392972222222,4.852833333333,1757,43,37,7.4,5.43,430,17.7,340,1.3,0.47
20439,27640,"14/6/2011 ",-72.936383333333,4.103019444444,177.417,80.2,18,6,7.07,1160,27.8,640,0.78,0.45
20440,27831,"17/6/2011 ",-75.892361111111,9.290333333333,3.89,126.2,10,4.8,7.18,130,29,160,0.5,0.06
20441,27589,"15/6/2011 ",-73.675472222222,2.974222222222,318,67,30,7.4,7.1,300,25.8,260,0.5,0.06
20442,27786,"18/6/2011 ",-73.246111111111,8.541111111111,360,128,10,8.2,7.27,110,25.2,88,0.5,0.28
20456,27825,"18/6/2011 ",-73.560555555556,7.578055555556,70,153.1,15,6,6.99,590,NA,460,0.5,0.05
20457,27966,"22/6/2011 ",-75.892416666667,8.751611111111,14.6,131.7,10,5.1,7.34,130,28,62,0.5,0.05
20458,8774,"23/6/2011 ",-75.648555555556,2.232361111111,710,83.1,10,7.9,8.24,55,20.2,160,0.5,0.19
20459,27633,"23/6/2011 ",-75.775361111111,2.02625,893,56,10,7.9,8.19,26,20.1,31,0.5,0.12
20462,8875,"20/6/2011 ",-72.650833333333,7.836388888889,270,148.9,35,7.1,8.19,2150,NA,1590,0.76,0.14
20463,8808,"21/6/2011 ",-77.478916666667,1.624055555556,391,187.8,18,6.3,6.93,230,25.6,260,0.5,0.07
20464,27681,"22/6/2011 ",-73.31825,8.197805555556,1220,103.2,10,7.8,7.33,48,21.4,33,0.5,0.14
20465,27704,"22/6/2011 ",-72.434722222222,8.350277777778,47,126.8,10,6.4,7.07,630,NA,570,0.5,0.05
20466,8799,"23/6/2011 ",-77.429361111111,1.594277777778,450,158,15,7.1,7.49,38,24.1,110,0.5,0.13
20467,27416,"23/6/2011 ",-72.417222222222,8.233611111111,70,367,11,6.4,7.34,300,NA,170,0.56,0.05
20468,27961,"23/6/2011 ",-76.349972222222,3.889611111111,941.929,145.4,10,3.2,6.52,130,24.6,72,0.5,0.21
20469,27963,"22/6/2011 ",-70.239111111111,1.259555555556,180,22.4,10,5.9,6.19,4.5,26.6,9.6,1.1,0.07
20474,27719,"24/6/2011 ",-75.819361111111,6.417416666667,534,137,10,7.6,7.74,420,25,690,0.5,0.34
20475,27794,"25/6/2011 ",-75.91525,5.856027777778,678,64.5,10,6.4,7.87,280,20.7,260,0.5,0.05
20481,29876,"29/6/2011 ",-75.417333333333,7.987972222222,39.97,115.3,10,5.8,7.19,300,28.5,320,0.5,0.05
20482,8803,"30/6/2011 ",-75.37125,2.566722222222,740,142.2,10,7.5,8.48,39,22.9,20,0.5,0.16
20483,27625,"30/6/2011 ",-73.7625,4.070194444444,575,120.2,16,9.1,7.37,490,20.3,380,0.5,0.05
20484,27965,"5/7/2011 ",-73.57025,5.878138888889,1720,385,15,6,7.88,22,17.3,31,0.5,0.09
20485,27573,"30/6/2011 ",-75.104611111111,3.910055555556,316,126,52,7.1,7,760,27,360,0.5,0.07
20486,27584,"6/7/2011 ",-73.266666666667,5.666666666667,2500,410,66,2.3,7.19,35,16.3,25,11,1.5
20490,29913,"6/7/2011 ",-73.699425,5.32845,2562.065,122.8,12,6.4,6.35,35,13.5,44,0.5,0.14
20493,27645,"7/7/2011 ",-75.379972222222,6.143388888889,2083,42,10,6.6,6.51,67.5,18.8,38.5,0.5,0.1
20494,27548,"7/7/2011 ",-74.838166666667,4.387861111111,251.79,151.6,55,6.6,7.4,680,24.7,770,1.8,0.14
20495,27789,"7/7/2011 ",-73.820805555556,8.666333333333,35.385,176.4,23,5.7,7.8,270,30.2,290,0.5,0.07
20496,27674,"11/7/2011 ",-74.060777777778,5.6495,457,514,10,6.2,7.74,170,26.4,120,0.5,0.23
20500,27889,"12/7/2011 ",-74.572916666667,5.192111111111,410,639,20,6.7,7.68,60,28.4,52,0.5,0.15
20501,27916,"13/7/2011 ",-74.4705,5.011305555556,790,918,16,7.5,7.34,100,23.2,110,0.5,0.12
20510,27690,"13/7/2011 ",-73.7875,7.244166666667,90,215,70,6.9,7.47,2520,25,2250,1.5,0.05
20511,27897,"14/7/2011 ",-74.447055555556,5.125305555556,620,481,10,7.7,6.99,32,23.4,32,0.5,0.06
20512,27926,"16/7/2011 ",-75.88275,4.892333333333,900.442,171.4,38,4.5,7.31,520,23.1,340,0.5,0.06
20513,27689,"15/7/2011 ",-75.308527777778,2.942611111111,431.265,94,17,6.8,7.49,71,22.1,100,0.5,0.16
20517,27682,"17/7/2011 ",-73.292527777778,4.396222222222,275,79.1,10,6.3,7.55,17,27.2,26,1.3,0.05
20524,27572,"19/7/2011 ",-76.533333333333,3.6,1122,65.4,14,NA,5.36,60,20.2,76,0.5,0.05
20527,27911,"21/7/2011 ",-76.033333333333,4.516666666667,907,162.7,24,4.4,6.09,220,28.1,170,0.74,0.19
20528,27731,"21/7/2011 ",-74.876833333333,3.328138888889,730,81.7,10,7.4,7.71,110,20.7,120,0.5,0.12
20529,27920,"21/7/2011 ",-75.665861111111,5.268111111111,745,170.73,21,6.5,7.64,370,24.8,220,0.5,0.06
20530,27560,"22/7/2011 ",-75.516666666667,5.016666666667,1500,222.3,73,7.1,7.9,380,21.4,250,1.6,0.11
20531,27732,"22/7/2011 ",-75.899388888889,4.757555555556,914,155.5,13,7.8,7.16,37,29.2,25,0.5,0.15
20532,8787,"25/7/2011 ",-73.595555555556,5.218611111111,2684,28.4,11.5,7.6,6.47,8.35,12.8,2,0.5,0.06
20533,8877,"25/7/2011 ",-73.613888888889,5.194722222222,2632,94.4,17,7.1,7.17,18,12.9,15,1.2,0.13
20534,8802,"25/7/2011 ",-73.916138888889,4.971916666667,2481,57.4,24,6.4,6.7,72,17,61,0.5,0.25
20535,8540,"25/7/2011 ",-74.083333333333,4.8,2571,306,38,2.2,6.96,28,18.1,29,3.5,0.73
20536,27423,"25/7/2011 ",-75.118944444444,3.44325,340.273,114.6,20,NA,7.66,140,24.3,120,0.5,0.32
20537,27764,"20/7/2011 ",-70.194333333333,6.295638888889,91,34.6,200,5.1,6.51,37,27.4,44,0.5,0.15
20538,27411,"22/7/2011 ",-68.441472222222,6.183555555556,67,41,23,6.1,6.6,280,28.3,250,0.5,0.35
20539,27701,"22/7/2011 ",-67.479583333333,6.176527777778,55,9,16,6.3,5.91,17,27.4,16,0.5,0.05
20540,8767,"26/7/2011 ",-74.266666666667,4.55,2538,499,150,NA,7.11,110,18.4,45,23,3.3
20541,8789,"26/7/2011 ",-74.439444444444,4.602111111111,712,508,230,5.8,7.95,410,22.3,82,28,4.4
20542,27597,"26/7/2011 ",-74.608527777778,4.454861111111,361,577,320,3.6,7.4,840,23.1,130,37,4.1
20543,27892,"27/7/2011 ",-75.149666666667,2.921111111111,650,130.9,64,7.8,8.13,9.6,20.5,2,0.5,0.05
20544,27882,"27/7/2011 ",-74.816666666667,4.283333333333,257,139,77,6.8,9.24,310,26.6,220,0.66,0.05
20545,8714,"27/7/2011 ",-74.776944444444,4.281944444444,359,117.8,21,7.4,7.64,310,25.1,220,0.5,0.58
20546,27717,"28/7/2011 ",-74.833333333333,4.3,425,579,71,2.6,7.38,240,24.4,170,17,2.7
20547,8876,"28/7/2011 ",-74.744444444444,4.248055555556,345,73.9,18,7.2,7.26,37,26.8,36,0.5,0.23
20548,8739,"28/7/2011 ",-74.620555555556,4.232555555556,405,63.4,10,7.4,7.42,20,24.8,18,0.5,0.2
20549,27642,"28/7/2011 ",-73.677777777778,5.872777777778,1650,255,51,7,6.75,37,18.5,43,2.2,0.31
20550,27809,"28/7/2011 ",-75.1155,3.361138888889,420,61.9,10,7.2,7.73,100,23.1,89,0.5,0.19
20552,27785,"28/7/2011 ",-76.662166666667,5.69,27,18.2,57,7.5,6.14,170,25.1,130,0.5,0.15
20576,27842,"29/7/2011 ",-74.853333333333,4.891,252,226,10,6.7,7.08,23,26.6,13,0.5,0.16
20577,27616,"31/7/2011 ",-74.749527777778,5.292638888889,168,76.1,21,7.1,7.17,410,27.8,200,0.5,0.59
20578,27711,"1/8/2011 ",-74.661916666667,5.469222222222,172.17,133.7,33,5.9,7.19,690,28,460,0.5,1
20579,27935,"2/8/2011 ",-73.096666666667,6.734166666667,480,283,52,7.4,8.13,1420,24.7,1670,1.3,1.8
20591,27553,"29/7/2011 ",-74.971944444444,4.795083333333,470,135.5,10,9,7.59,13,20.5,7.8,0.5,0.05
20592,27587,"1/8/2011 ",-75.598722222222,5.73275,584.846,159,44,7.1,9.3,640,24.2,420,2.4,0.7
20607,27705,"5/8/2011 ",-74.631555555556,5.760527777778,154,479,88,6.1,7.56,1590,31,1450,3.1,1.6
20608,27724,"7/8/2011 ",-74.6775,6.279444444444,127,49.7,10,6.9,7.63,19,26.5,15,0.5,0.05
20609,27815,"8/8/2011 ",-73.128055555556,6.546666666667,1113,93.1,10,6.6,6.66,8,25.2,8.3,0.5,0.05
20611,27758,"13/8/2011 ",-73.041111111111,6.989444444444,1000,97.3,10,7.7,7.81,40,20.1,39,0.5,0.1
20729,8799,"13/9/2011 ",-77.429361111111,1.594277777778,450,119.3,27,7.8,7.59,270,19.3,240,0.7,0.26
20730,8808,"15/9/2011 ",-77.478916666667,1.624055555556,391,164.1,13,6.4,7.32,53,23.2,67,0.5,0.08
20731,27828,"14/9/2011 ",-73.013880555556,5.807972222222,2485.906,479,33.5,6.3,7.21,44,12.6,38.5,1.3,0.2
20732,27828,"14/9/2011 ",-73.013880555556,5.807972222222,2485.906,408,30,6.2,7.4,71,14.2,70,2.6,0.31
20733,27582,"19/9/2011 ",-75.851888888889,2.053166666667,839,70.6,15,8,7.77,37,19.1,22,0.5,0.07
20734,8548,"19/9/2011 ",-75.669722222222,2.172777777778,758,65.6,14,7.6,7.91,23,22.2,21,0.5,0.06
20735,8820,"20/9/2011 ",-75.824055555556,1.867083333333,1032,43.9,10,8,7.71,30,18.2,34,0.5,0.05
20736,27633,"20/9/2011 ",-75.775361111111,2.02625,893,46.8,16,7.6,7.67,58,20.3,67,0.5,0.09
20738,8891,"17/9/2011 ",-77.292944444444,1.234333333333,2500,405,130,4.8,6.34,53,15.7,31,13,1.9
20593,28335,"2/8/2011 ",-73.260305555556,1.796694444444,130,19,24,NA,6.51,420,26.3,250,0.5,0.67
20606,27821,"3/8/2011 ",-74.725555555556,5.730833333333,160,45.7,27,7.6,7.29,280,27,160,0.5,0.32
20994,27582,"30/11/2011 ",-75.851888888889,2.053166666667,839,72,15,7.7,7.7,39,21.3,40,0.57,0.08
21006,27748,"7/11/2011 ",-68.354166666667,3.986111111111,94,32.3,14,6.1,6.5,100,29.2,96,0.5,0.11
21007,27702,"28/11/2011 ",-67.919055555556,3.874416666667,100,18.2,26,5.9,7.03,23.05,28.6,17,0.7,0.05
21008,27574,"30/11/2011 ",-75.567361111111,2.463444444444,662.477,124.5,34,7.1,6.09,280,20.7,240,1.3,0.71
21009,27556,"30/11/2011 ",-75.761555555556,2.45925,788.06,108.7,17,7.6,6.15,40.5,21.3,60,0.53,0.11
21011,8820,"1/12/2011 ",-75.824055555556,1.867083333333,1032,57.2,66,7.4,7.57,440,20.7,400,2,0.2
21012,27633,"1/12/2011 ",-75.775361111111,2.02625,893,43.8,290,6.8,7.25,1980,21.9,1910,6.8,0.96
21013,8548,"2/12/2011 ",-75.669722222222,2.172777777778,758,99,26,7.4,7.97,150,23.5,150,1.1,0.16
21014,8774,"2/12/2011 ",-75.648555555556,2.232361111111,710,97.2,12,7.2,6.94,430,21,310,1.4,0.22
21015,27646,"3/12/2011 ",-75.914555555556,2.455444444444,1140,99.1,75,8,7.66,970,15.8,510,1.3,0.95
21016,27556,"3/12/2011 ",-75.761555555556,2.45925,788.06,94.4,74,7.9,6.61,580,19.5,330,1.1,0.57
21017,27423,"5/12/2011 ",-75.118944444444,3.44325,340.273,135.1,31,7,7.76,1110,24.4,900,2,1.3
21041,8542,"6/12/2011 ",-75.332944444444,2.766694444444,469,126.2,44,7,7.4,730,22.9,390,1.2,1.6
21042,27736,"6/12/2011 ",-75.301555555556,2.544777777778,1260,121.5,42,7.2,6.72,1010,19.6,570,0.99,3.4
21043,8803,"6/12/2011 ",-75.37125,2.566722222222,740,126.1,38,8,7.33,1080,21.9,530,0.68,1.2
21044,27873,"5/12/2011 ",-75.619222222222,1.621166666667,270,27.9,10,7.8,7.8,4.5,24.8,2.9,0.5,0.05
21050,27842,"7/12/2011 ",-74.853333333333,4.891,252,114.6,36,8.3,6.83,690,23.6,410,0.89,0.55
21051,27616,"8/12/2011 ",-74.749527777778,5.292638888889,168,58.2,32,8.7,7.13,520,24.8,270,0.73,0.4
21052,27711,"8/12/2011 ",-74.661916666667,5.469222222222,172.17,140.7,69,7.3,7,1520,28.8,1270,1.8,1.6
21085,27548,"13/12/2011 ",-74.838166666667,4.387861111111,251.79,149,39,5.9,7.07,1090,27,980,2.5,0.97
21086,26350,"14/12/2011 ",-75.711777777778,2.644027777778,1518,157,10,NA,8.05,52,18.9,33,0.5,0.18
21089,27821,"10/12/2011 ",-74.725555555556,5.730833333333,160,43.8,10,7.7,7.11,140,25.6,49,0.5,0.24
21090,27705,"12/12/2011 ",-74.631555555556,5.760527777778,154,358,620,7.7,7.05,11700,27.5,4440,19,9.3
20612,27855,"17/8/2011 ",-74.384222222222,4.403833333333,1480,77.6,28,7,6.33,32,19.8,50,2.2,0.19
20613,27873,"18/8/2011 ",-75.619222222222,1.621166666667,270,33.2,59,7.5,6.43,4.5,22,3,0.5,0.05
20617,27684,"18/8/2011 ",-73.146444444444,7.166333333333,600,237,45,6,7.13,580,26.1,340,5.4,1.06
20618,27640,"18/8/2011 ",-72.936383333333,4.103019444444,177.417,67.6,23,6.9,6.92,770,28.2,480,0.65,0.55
20619,27601,"19/8/2011 ",-73.635361111111,4.235333333333,523,112.7,17,7.4,7.63,57,19.8,80,0.5,0.08
20620,27661,"22/8/2011 ",-73.969444444444,8.992527777778,29.49,155.1,150,5.8,7.01,760,28.6,540,1.6,0.75
20623,27950,"21/8/2011 ",-72.291388888889,4.817,290,90.5,33,7.5,7.37,500,26.8,430,1.1,0.54
20624,27694,"22/8/2011 ",-72.412697222222,5.367547222222,374.65,123.3,21,7.7,7.95,75,23.4,68,1.4,0.32
20625,27596,"21/8/2011 ",-74.500722222222,4.19225,750,20.8,31,7.5,6.64,27,20.8,23,0.5,0.15
20627,27727,"26/8/2011 ",-74,4.433333333333,2020,107.7,10,7.5,6.75,34,14.7,29,0.5,0.15
20628,8774,"27/8/2011 ",-75.648555555556,2.232361111111,710,92.3,19,6.5,7.86,120,22.8,98,0.5,0.3
20655,27674,"29/8/2011 ",-74.060777777778,5.6495,457,371,35,4.5,7.61,1020,23.8,740,1.9,0.6
20656,27965,"30/8/2011 ",-73.57025,5.878138888889,1720,312,17,3.9,7.55,38,18,48,0.5,0.14
20657,27594,"1/9/2011 ",-72.716666666667,6.383333333333,1050,263,42,6.7,7.4,730,19.4,640,1.3,0.93
20658,27633,"31/8/2011 ",-75.775361111111,2.02625,893,34,100,7.5,7.33,720,22.1,550,2.4,0.54
20659,27937,"1/9/2011 ",-76.644333333333,2.467555555556,1626,358,16,7.6,4.53,23,17.5,14,1.1,0.17
20660,8803,"2/9/2011 ",-75.37125,2.566722222222,740,129.3,12,6.9,8.22,11,23.2,6.8,0.5,0.1
20661,27578,"3/9/2011 ",-72.782222222222,6.000277777778,2200,216,34,7.9,7.08,130,14.9,65,1.3,0.28
20662,27845,"4/9/2011 ",-74.785583333333,8.030055555556,37.364,60.8,15,7.4,6.86,300,28.6,270,2,0.21
20663,27906,"5/9/2011 ",-74.563166666667,8.387416666667,28.929,165.2,12,6.6,7.58,370,28.6,200,0.8,0.75
20664,27761,"7/9/2011 ",-75.193694444444,7.962138888889,52.55,133.1,27,6,7.32,1110,28.4,810,1.3,0.77
20676,27908,"8/9/2011 ",-75.544305555556,2.643805555556,575,150.9,10,7.7,7.91,4.5,33,5.6,0.5,0.09
20682,27600,"9/9/2011 ",-77.300555555556,1.431944444444,1250,229,26,NA,6.2,59,20.5,29,2,0.54
20684,27831,"11/9/2011 ",-75.892361111111,9.290333333333,3.89,1557,14,5,6.62,90,28.4,100,0.6,0.17
20685,27634,"11/9/2011 ",-73.629222222222,4.799055555556,1645,31.3,49,6.1,5.78,400,17.8,380,1.1,0.43
20686,27904,"12/9/2011 ",-73.491833333333,4.780222222222,1920,40.2,90,NA,5.65,NA,16.6,5510,7.6,0.31
20705,27878,"13/9/2011 ",-75.269166666667,2.9925,430,138,11,6.6,7.56,24,23.4,38,0.5,0.12
20706,8810,"13/9/2011 ",-75.357472222222,3.053888888889,471,129.8,19,7,7.93,100,24.3,79,0.6,0.12
20707,27966,"13/9/2011 ",-75.892416666667,8.751611111111,14.6,126.5,29,5.1,6.16,440,28,400,1.2,0.24
20708,27574,"13/9/2011 ",-75.567361111111,2.463444444444,662.477,76.6,25,7.6,7.25,120,21.4,150,0.62,0.13
20709,27841,"13/9/2011 ",-72.9385,5.491944444444,3002,98.1,16,NA,8.41,4.5,15.2,2,0.59,0.05
20710,27574,"14/9/2011 ",-75.567361111111,2.463444444444,662.477,81.9,18,7.4,7.58,180,20.1,71,0.66,0.18
20711,9167,"13/9/2011 ",-73.775833333333,7.471944444444,78,7.46,18,6.9,6.37,12.27,31.7,38,0.66,0.05
20712,9171,"13/9/2011 ",-73.776388888889,7.423611111111,78,23.7,20,6.2,6.12,10,36.7,18,0.5,0.05
20713,9168,"13/9/2011 ",-73.774166666667,7.461666666667,78,18.2,10,4.9,7.12,6,33.8,19,0.5,0.05
20714,9169,"13/9/2011 ",-73.778055555556,7.435555555556,78,19.8,25,8,7.09,5,34.9,12,0.9,0.05
20715,9170,"13/9/2011 ",-73.773055555556,7.451944444444,78,27,10,6,6.37,5,31,14,0.51,0.05
20718,27876,"12/9/2011 ",-75.350277777778,6.199722222222,2091,85.9,24,NA,6.81,120,20.2,87,1.4,0.25
20719,27556,"14/9/2011 ",-75.761555555556,2.45925,788.06,127.9,16,8.3,7.21,103,21,64.5,0.5,0.16
20720,29875,"14/9/2011 ",-73.392972222222,4.852833333333,1757,73.6,10,7.1,6.36,250,17.1,200,0.55,0.07
20721,27921,"15/9/2011 ",-76.401111111111,1.905,1700,60.4,10,8.2,7.71,6,14.7,7.5,0.5,0.05
20722,8872,"15/9/2011 ",-76.233,1.869527777778,1233,62.3,15,8,7.8,20,18.3,16,0.5,0.05
20723,27820,"16/9/2011 ",-75.944361111111,1.752416666667,1291,40.8,13,7.8,7.61,25,17.4,27,0.5,0.05
20724,8828,"16/9/2011 ",-76.058666666667,1.950638888889,1050,59.8,10,7.6,7.68,38,19.1,36,0.5,0.05
20725,8593,"17/9/2011 ",-76.146111111111,1.870555555556,1208,80.9,17,7,7.64,50,21.5,39,0.5,0.17
20726,27807,"17/9/2011 ",-76.012027777778,1.988111111111,990,60.4,12,8,7.71,9,18,8.9,0.5,0.05
20727,8351,"18/9/2011 ",-76.123333333333,1.715833333333,1463,20.5,17,7.8,7.4,10,15.9,6.8,0.5,0.05
20728,8823,"18/9/2011 ",-76.089444444444,1.766666666667,1334,43.9,21,7.6,7.62,11,18,11,0.5,0.05
20739,27668,"18/9/2011 ",-77.247777777778,1.201388888889,2740,67.4,17,NA,6.65,5,12,4.1,0.7,0.05
20740,8774,"21/9/2011 ",-75.648555555556,2.232361111111,710,68.3,19,7.8,7.79,25,19.6,20,0.5,0.07
20741,27646,"21/9/2011 ",-75.914555555556,2.455444444444,1140,188.8,10,7.8,7.87,29,19.1,22,0.5,0.11
20742,27556,"22/9/2011 ",-75.761555555556,2.45925,788.06,187.6,11,7.6,7.85,95,19.6,56,0.75,0.18
20743,27423,"23/9/2011 ",-75.118944444444,3.44325,340.273,132.8,17,6.8,7.72,45,25.5,42,0.76,0.18
20744,27908,"24/9/2011 ",-75.544305555556,2.643805555556,575,140.6,10,7.6,7.97,10,24.1,10,0.57,0.09
20745,27943,"21/9/2011 ",-69.992722222222,-4.222527777778,120,180.5,19,6.1,7.19,52,29.8,29,0.5,0.13
20746,27549,"21/9/2011 ",-70.036083333333,-4.120194444444,119,164,11,6.8,7.19,53,29.6,38,0.5,0.12
20747,8542,"26/9/2011 ",-75.332944444444,2.766694444444,469,175.4,17,7.5,7.84,78,23.8,39,1,0.44
20748,27736,"26/9/2011 ",-75.301555555556,2.544777777778,1260,93.9,47,7.8,7.93,94,18.4,69,0.5,0.6
20749,8803,"26/9/2011 ",-75.37125,2.566722222222,740,96.8,32,7.4,7.97,48,21.8,43,0.5,0.31
20750,27866,"27/9/2011 ",-75.592444444444,2.971777777778,1270,144.2,15,8,8.16,390,17.8,240,0.5,0.48
20751,27860,"27/9/2011 ",-75.521055555556,2.95425,866,140,13,7.5,8.2,310,20.9,210,0.5,0.37
20754,27846,"28/9/2011 ",-75.396583333333,2.755555555556,460,111.6,14,5.5,7.21,34,22.8,51,1,0.1
20756,26270,"29/9/2011 ",-72.911916666667,4.351472222222,183,22.6,10,6.3,7.58,230,28,250,NA,NA
20757,26271,"29/9/2011 ",-72.91225,4.351111111111,178,21.8,15,5.6,7.78,190,28.6,220,NA,NA
20758,26272,"30/9/2011 ",-72.947222222222,4.540277777778,215,140,15,6.2,7.95,170,23.8,230,NA,NA
20759,26273,"30/9/2011 ",-72.947222222222,4.540277777778,215,151.5,15,7.6,8.26,180,24.6,210,NA,NA
20767,29913,"5/10/2011 ",-73.699425,5.32845,2562.065,96.6,23,5.1,6.65,34,14.1,54,0.81,0.11
20768,27854,"5/10/2011 ",-75.374638888889,4.860222222222,3794,223,10,7.7,7.81,4.5,8,2,0.5,0.1
20769,27811,"4/10/2011 ",-75.429055555556,4.886666666667,3064,150.6,21,7.7,7.61,20,10.6,12,0.5,0.07
20770,27798,"6/10/2011 ",-75.55,5,1530,77.2,59,7.7,8.2,120,11.7,55,0.95,0.17
20786,27950,"10/10/2011 ",-72.291388888889,4.817,290,80.5,29,7.7,6.13,380,25.2,390,0.5,0.31
20787,27694,"11/10/2011 ",-72.412697222222,5.367547222222,374.65,103,10,NA,7.49,70,23.5,84,0.5,0.17
20804,27841,"12/10/2011 ",-72.9385,5.491944444444,3002,93.5,21,7.5,7.64,6.3,16.3,9.9,0.5,0.05
20805,27828,"12/10/2011 ",-73.013880555556,5.807972222222,2485.906,423,36,NA,0.04,51,2422.2,49,1.35,0.19
20806,27828,"12/10/2011 ",-73.013880555556,5.807972222222,2485.906,255.18,69,5.2,0.04,NA,10.25,NA,4.2,0.69
20807,27411,"11/10/2011 ",-68.441472222222,6.183555555556,67,50.3,10,6.3,6.9,170,27,200,0.5,0.05
20808,27701,"12/10/2011 ",-67.479583333333,6.176527777778,55,12,14,5.7,6.26,23,26.2,33,0.5,0.06
20810,27684,"15/10/2011 ",-73.146444444444,7.166333333333,600,131,205,6.8,6.41,3635,23.1,2830,7.05,0.07
20811,27889,"12/10/2011 ",-74.572916666667,5.192111111111,410,420,220,NA,7.37,4170,26.2,2870,6.9,0.05
20812,27916,"13/10/2011 ",-74.4705,5.011305555556,790,372,170,6.7,7,3820,24.8,3140,8.5,0.05
20813,27897,"16/10/2011 ",-74.447055555556,5.125305555556,620,312,87,NA,7,1660,23.3,1170,2.1,0.81
20814,27963,"15/1/2011 ",-70.239111111111,1.259555555556,180,9.1,10,5.7,6.24,4.5,27.6,2,0.5,0.05
20825,27564,"8/10/2011 ",-73.958805555556,9.930972222222,80,165.9,38,5.6,7,9.6,27.9,14,0.5,0.28
20826,27808,"15/10/2011 ",-73.7325,9.193194444444,28.32,112,93,6,7,590,27.8,770,1.7,1
20828,27640,"19/10/2011 ",-72.936383333333,4.103019444444,177.417,14.03,38,6,6.82,280,26.2,740,0.68,0.61
20829,27601,"19/10/2011 ",-73.635361111111,4.235333333333,523,109.4,27,8.6,7.18,72,22.4,29,0.5,0.06
20835,27609,"20/10/2011 ",-73.646388888889,9.648527777778,45,231,29,4.8,7.35,24,27.2,28,1.1,0.32
20836,27689,"25/10/2011 ",-75.308527777778,2.942611111111,431.265,118.4,23,5.7,6.68,58,25.5,50,0.5,0.17
20837,27809,"27/10/2011 ",-75.1155,3.361138888889,420,93.9,21,7.1,6.05,190,24.3,95,0.65,0.19
20838,27892,"28/10/2011 ",-75.149666666667,2.921111111111,650,134.8,10,8,6.88,55,21,45,0.5,0.22
20846,9119,"3/11/2011 ",-73.833333333333,4.666666666667,3077,92,16,7.2,8.13,4.5,11.7,2.3,0.5,0.05
20847,27832,"1/11/2011 ",-72.605472222222,7.687972222222,730,173,10,6.7,4.09,0.04,24.8,26,0.5,0.16
20848,9118,"4/11/2011 ",-73.857388888889,4.664944444444,2553,22.6,10,7.3,8.75,4.5,13.6,2,0.5,0.32
20849,9120,"4/11/2011 ",-73.833333333333,4.65,3400,47.8,10,7.7,8.54,5.2,15.8,2,0.5,0.32
20910,27731,"6/11/2011 ",-74.876833333333,3.328138888889,730,56.5,56,6.9,6.29,170,22.4,250,0.72,0.15
20916,27423,"9/11/2011 ",-75.118944444444,3.44325,340.273,131.4,33,6.9,6.29,580,25.7,770,1.2,0.55
20917,27704,"4/11/2011 ",-72.434722222222,8.350277777778,47,177.8,10,6.3,6.35,580,29.8,510,0.93,0.4
20918,8875,"5/11/2011 ",-72.650833333333,7.836388888889,270,0.5,22,4.55,5.85,NA,0.04,80,0.28,0.08
20919,27416,"9/11/2011 ",-72.417222222222,8.233611111111,70,301,34,5.1,7.14,540,30.3,500,1.5,0.71
20920,27661,"11/11/2011 ",-73.969444444444,8.992527777778,29.49,172.1,110,6.3,7.71,730,28.5,650,1.4,0.76
20950,29876,"15/11/2011 ",-75.417333333333,7.987972222222,39.97,84.3,18,6.3,7.24,370,28.6,360,0.7,0.33
20951,27958,"16/11/2011 ",-75.239,8.313722222222,27.015,79.7,23,5.8,6.27,410,26.5,400,0.69,0.31
20968,27876,"16/11/2011 ",-75.350277777778,6.199722222222,2091,61.4,37,6.4,6.42,190,17.3,150,1.3,0.27
20970,27968,"18/11/2011 ",-75.286055555556,4.482055555556,1450,186.9,10,7.4,6.9,210,21,260,1,0.22
20974,27878,"22/11/2011 ",-75.269166666667,2.9925,430,112.3,54,7,7.57,1150,23.3,790,2,1.4
20975,8810,"22/11/2011 ",-75.357472222222,3.053888888889,471,110.3,27,7.6,7.85,570,22.8,500,1.5,0.58
20976,27846,"23/11/2011 ",-75.396583333333,2.755555555556,460,120,19,5.3,7.28,97,24.1,180,1,0.08
20977,27866,"24/11/2011 ",-75.592444444444,2.971777777778,1270,127.5,10,7.7,8.06,160,16.7,76,0.53,0.25
20978,27860,"24/11/2011 ",-75.521055555556,2.95425,866,124.3,18,8,8.1,350,18.6,220,0.76,0.37
20979,27785,"24/11/2011 ",-76.662166666667,5.69,27,27.5,12,6.8,6.66,430,24.5,330,0.74,0.31
20980,27908,"25/11/2011 ",-75.544305555556,2.643805555556,575,140,15,7.7,7.83,190,22.5,270,1.8,0.23
20981,27574,"26/11/2011 ",-75.567361111111,2.463444444444,662.477,96.6,38,7.6,7.73,810,22.5,630,1.9,0.82
20982,27921,"27/11/2011 ",-76.401111111111,1.905,1700,78.6,19,8,7.82,8,15.1,5.4,0.5,0.05
20983,8872,"27/11/2011 ",-76.233,1.869527777778,1233,61.1,12,7.5,7.91,9,19.3,6,0.62,0.05
20985,27908,"24/11/2011 ",-75.544305555556,2.643805555556,575,104.4,27,7.3,6.8,390,23.2,420,1.3,0.18
20986,27820,"28/11/2011 ",-75.944361111111,1.752416666667,1291,53.3,10,7.5,7.7,10,18.5,12,0.5,0.06
20987,8828,"28/11/2011 ",-76.058666666667,1.950638888889,1050,63.5,74,7.6,7.5,600,19.8,410,2.5,0.05
20988,8351,"29/11/2011 ",-76.123333333333,1.715833333333,1463,32.6,13,7.9,7.52,4.5,17.2,2.6,0.5,0.05
20989,8823,"29/11/2011 ",-76.089444444444,1.766666666667,1334,65,16,7.7,7.73,4.5,20,4.3,0.5,0.05
20990,8593,"29/11/2011 ",-76.146111111111,1.870555555556,1208,102.9,19,7.1,7.75,33,22.5,28,0.85,0.13
20991,27688,"29/11/2011 ",-73.236055555556,10.386166666667,113,233,37,6.8,6.96,320,25.1,420,1.5,0.61
20992,27627,"29/11/2011 ",-73.668888888889,4.086083333333,432.552,54.5,10,5.9,6.43,37,27.8,36.5,0.87,0.08
20993,27807,"30/11/2011 ",-76.012027777778,1.988111111111,990,66.3,22,7.7,7.61,46,18.6,34,0.67,0.08
21091,27724,"14/12/2011 ",-74.6775,6.279444444444,127,25.7,22,7.7,7.51,300,24,190,0.61,0.25
21117,9167,"20/12/2011 ",-73.775833333333,7.471944444444,78,19.92,10,NA,6.13,4.5,29.8,5.1,0.5,0.05
21118,9168,"20/12/2011 ",-73.774166666667,7.461666666667,78,18.3,10,NA,6.11,4.5,30.7,5.3,0.5,0.06
21119,9169,"20/12/2011 ",-73.778055555556,7.435555555556,78,19.62,15,NA,6.1,4.5,31.4,5.2,0.5,0.1
21120,9170,"20/12/2011 ",-73.773055555556,7.451944444444,78,18.76,10,NA,6.18,4.5,31.6,5.3,0.5,0.12
21121,9171,"20/12/2011 ",-73.776388888889,7.423611111111,78,19.45,10,NA,6.28,4.5,31.1,5.2,0.5,0.13
